    
    {
      "type": "object",
      "$schema": "http://json-schema.org/draft-03/schema",
      "properties": {
        "id": {
          "type": "integer",
          "required": true
        },
        "firstname": {
          "type": "string",
          "required": true
        },
        "lastname": {
          "type": "string",
          "required": true
        }
        ,
        "shirtSize": {
          "type": "string",
          "required": true
        },
        "quantity": {
          "type": "integer",
          "required": false
        },
        "email": {
          "type": "string",
          "required": false
        },
         "lastModifiedDate": {
          "type": "string",
          "required": true,
          "format": "date-time"
        }
        
      }
    }