    
    {
      "type": "object",
      "$schema": "http://json-schema.org/draft-03/schema",
      "properties": {
        "firstname": {
          "type": "string",
          "required": true
        },
        "lastname": {
          "type": "string",
          "required": true
        }
        ,
        "shirtSize": {
          "type": "string",
          "required": true
        },
        "quantity": {
          "type": "integer",
          "required": false
        },
        "email": {
          "type": "string",
          "required": false
        }
      }
    }