[
    {
        "lastname": "kalali1",
        "LastModifiedDate": 1434380789000,
        "shirtSize": "L",
        "firstname": "bahman1",
        "email": "bahman.kalali@gmail.com",
        "quantity": 3,
        "id": 27
    },
    {
        "lastname": "kalali1",
        "LastModifiedDate": 1434380886000,
        "shirtSize": "L",
        "firstname": "bahman1",
        "email": "bahman.kalali@gmail.com",
        "quantity": 3,
        "id": 28
    },
    {
        "lastname": "kalali1",
        "LastModifiedDate": 1434382147000,
        "shirtSize": "L",
        "firstname": "Joe",
        "email": "bahman.kalali@gmail.com",
        "quantity": 3,
        "id": 29
    },
    {
        "lastname": "kalali1",
        "LastModifiedDate": 1434382672000,
        "shirtSize": "L",
        "firstname": "Joe",
        "email": "bahman.kalali@gmail.com",
        "quantity": 3,
        "id": 30
    },
    {
        "lastname": "Kalali",
        "LastModifiedDate": 1434382782000,
        "shirtSize": "L",
        "firstname": "Joe",
        "email": "bahman.kalali@gmail.com",
        "quantity": 3,
        "id": 31
    },
    {
        "lastname": "Rabin",
        "LastModifiedDate": 1434382926000,
        "shirtSize": "S",
        "firstname": "Joe",
        "email": "bahman.kalali@gmail.com",
        "quantity": 3,
        "id": 32
    },
    {
        "lastname": "Rabin2",
        "LastModifiedDate": 1434383225000,
        "shirtSize": "S",
        "firstname": "Joe23",
        "email": "joe.kalali@gmail.com",
        "quantity": 3,
        "id": 33
    },
    {
        "lastname": "Rabin2",
        "LastModifiedDate": 1434384929000,
        "shirtSize": "S",
        "firstname": "Joe23",
        "email": "joe.kalali@gmail.com",
        "quantity": 3,
        "id": 34
    },
    {
        "lastname": "Rabin2",
        "LastModifiedDate": 1434385320000,
        "shirtSize": "S",
        "firstname": "Joe23",
        "email": "joe.kalali@gmail.com",
        "quantity": 3,
        "id": 35
    },
    {
        "lastname": "Rabin2",
        "LastModifiedDate": 1434385340000,
        "shirtSize": "S",
        "firstname": "Joe23",
        "email": "joe.kalali@gmail.com",
        "quantity": 3,
        "id": 36
    },
    {
        "lastname": "Rabin2",
        "LastModifiedDate": 1434385438000,
        "shirtSize": "S",
        "firstname": "Joe23",
        "email": "joe.kalali@gmail.com",
        "quantity": 3,
        "id": 37
    },
    {
        "lastname": "Rabin2",
        "LastModifiedDate": 1434385795000,
        "shirtSize": "S",
        "firstname": "Joe23",
        "email": "joe.kalali@gmail.com",
        "quantity": 3,
        "id": 38
    },
    {
        "lastname": "Rabin2",
        "LastModifiedDate": 1434387036000,
        "shirtSize": "S",
        "firstname": "Joe23",
        "email": "joe.kalali@gmail.com",
        "quantity": 3,
        "id": 39
    },
    {
        "lastname": "Rabin2",
        "LastModifiedDate": 1434387300000,
        "shirtSize": "S",
        "firstname": "Joe23",
        "email": "joe.kalali@gmail.com",
        "quantity": 3,
        "id": 40
    },
    {
        "lastname": "Rabin2",
        "LastModifiedDate": 1434387472000,
        "shirtSize": "S",
        "firstname": "Joe23",
        "email": "joe.kalali@gmail.com",
        "quantity": 3,
        "id": 41
    },
    {
        "lastname": "Rabin2",
        "LastModifiedDate": 1434387778000,
        "shirtSize": "S",
        "firstname": "Joe23",
        "email": "joe.kalali@gmail.com",
        "quantity": 3,
        "id": 42
    },
    {
        "lastname": "Rabin2",
        "LastModifiedDate": 1434388245000,
        "shirtSize": "S",
        "firstname": "Joe23",
        "email": "joe.kalali@gmail.com",
        "quantity": 3,
        "id": 43
    }
]